{"cameraMode":{"drawMode":0,"name":"Shaded","section":"Shading Mode"},"sceneLighting":true,"audioPlay":false,"sceneViewState":{"showFog":true,"showMaterialUpdate":false,"showSkybox":true,"showFlares":true,"showImageEffects":true,"showParticleSystems":true},"in2DMode":false,"pivot":{"x":-0.1044921875,"y":1.4404296875,"z":-3.336669921875},"rotation":{"x":0.20669791102409364,"y":-0.7890384197235107,"z":0.36034107208251955,"w":0.4526081681251526},"size":13.170188903808594,"orthographic":true}